{"IcoMoonType":"selection","icons":[{"icon":{"paths":["M1024 590.444l-512-397.426-512 397.428v-162.038l512-397.426 512 397.428zM896 576v384h-256v-256h-256v256h-256v-384l384-288z"],"tags":["home","house"],"defaultCode":59648,"grid":16,"attrs":[]},"attrs":[],"properties":{"ligatures":"home, house","name":"home","order":6,"id":1,"prevSize":32,"code":59648},"setIdx":0,"setId":1,"iconIdx":0},{"icon":{"paths":["M448 304c0-26.4 21.6-48 48-48h32c26.4 0 48 21.6 48 48v32c0 26.4-21.6 48-48 48h-32c-26.4 0-48-21.6-48-48v-32z","M640 768h-256v-64h64v-192h-64v-64h192v256h64z","M512 0c-282.77 0-512 229.23-512 512s229.23 512 512 512 512-229.23 512-512-229.23-512-512-512zM512 928c-229.75 0-416-186.25-416-416s186.25-416 416-416 416 186.25 416 416-186.25 416-416 416z"],"tags":["info","information"],"defaultCode":59916,"grid":16,"attrs":[]},"attrs":[],"properties":{"ligatures":"info, information","name":"info","order":8,"id":269,"prevSize":32,"code":59916},"setIdx":0,"setId":1,"iconIdx":268},{"icon":{"paths":["M192 128l640 384-640 384z"],"tags":["play","player"],"defaultCode":59932,"grid":16,"attrs":[]},"attrs":[],"properties":{"ligatures":"play3, player8","name":"play3","order":5,"id":285,"prevSize":32,"code":59932},"setIdx":0,"setId":1,"iconIdx":284},{"icon":{"paths":["M621.254 877.254l320-320c24.994-24.992 24.994-65.516 0-90.51l-320-320c-24.994-24.992-65.516-24.992-90.51 0-24.994 24.994-24.994 65.516 0 90.51l210.746 210.746h-613.49c-35.346 0-64 28.654-64 64s28.654 64 64 64h613.49l-210.746 210.746c-12.496 12.496-18.744 28.876-18.744 45.254s6.248 32.758 18.744 45.254c24.994 24.994 65.516 24.994 90.51 0z"],"tags":["arrow-right","right","next"],"defaultCode":59964,"grid":16,"attrs":[]},"attrs":[],"properties":{"ligatures":"arrow-right2, right4","name":"arrow-right2","order":12,"id":317,"prevSize":32,"code":59964},"setIdx":0,"setId":1,"iconIdx":316},{"icon":{"paths":["M402.746 877.254l-320-320c-24.994-24.992-24.994-65.516 0-90.51l320-320c24.994-24.992 65.516-24.992 90.51 0 24.994 24.994 24.994 65.516 0 90.51l-210.746 210.746h613.49c35.346 0 64 28.654 64 64s-28.654 64-64 64h-613.49l210.746 210.746c12.496 12.496 18.744 28.876 18.744 45.254s-6.248 32.758-18.744 45.254c-24.994 24.994-65.516 24.994-90.51 0z"],"tags":["arrow-left","left","previous"],"defaultCode":59968,"grid":16,"attrs":[]},"attrs":[],"properties":{"ligatures":"arrow-left2, left4","name":"arrow-left2","order":11,"id":321,"prevSize":32,"code":59968},"setIdx":0,"setId":1,"iconIdx":320}],"height":1024,"metadata":{"name":"icomoon"},"preferences":{"showGlyphs":true,"showQuickUse":true,"showQuickUse2":true,"showSVGs":true,"fontPref":{"prefix":"icon-","metadata":{"fontFamily":"icomoon"},"metrics":{"emSize":1024,"baseline":6.25,"whitespace":50},"embed":false},"imagePref":{"prefix":"icon-","png":true,"useClassSelector":true,"color":0,"bgColor":16777215,"classSelector":".icon","name":"icomoon"},"historySize":50,"showCodes":true,"gridSize":16}}